scenario,taille,LL_ms,HM_ms,winner,gain_pct
S1-Equilibre,100,7.06,4.088,HashMap,42.1
S1-Equilibre,500,2.692,4.131,LinkedList,34.8
S1-Equilibre,1000,7.734,7.399,HashMap,4.3
S1-Equilibre,2000,10.077,7.907,HashMap,21.5
S1-Equilibre,5000,21.814,16.399,HashMap,24.8
S1-Equilibre,10000,34.438,43.087,LinkedList,20.1
S2-LectureIntensive,100,0.448,0.281,HashMap,37.3
S2-LectureIntensive,500,1.372,0.886,HashMap,35.5
S2-LectureIntensive,1000,2.343,3.092,LinkedList,24.2
S2-LectureIntensive,2000,6.287,3.957,HashMap,37.1
S2-LectureIntensive,5000,15.447,7.848,HashMap,49.2
S2-LectureIntensive,10000,22.828,10.468,HashMap,54.1
S3-EcritureIntensive,100,0.797,0.657,HashMap,17.5
S3-EcritureIntensive,500,1.184,0.743,HashMap,37.3
S3-EcritureIntensive,1000,1.681,1.294,HashMap,23.1
S3-EcritureIntensive,2000,3.301,3.07,HashMap,7.0
S3-EcritureIntensive,5000,9.199,4.726,HashMap,48.6
S3-EcritureIntensive,10000,15.27,8.593,HashMap,43.7
S4-InventaireIntensif,100,0.337,0.38,LinkedList,11.4
S4-InventaireIntensif,500,2.913,1.511,HashMap,48.1
S4-InventaireIntensif,1000,3.09,2.714,HashMap,12.2
S4-InventaireIntensif,2000,7.241,5.586,HashMap,22.9
S4-InventaireIntensif,5000,25.96,19.848,HashMap,23.5
S4-InventaireIntensif,10000,44.67,32.246,HashMap,27.8
S5-ComptageIntensif,100,1.312,1.531,LinkedList,14.3
S5-ComptageIntensif,500,3.737,4.79,LinkedList,22.0
S5-ComptageIntensif,1000,8.597,8.44,HashMap,1.8
S5-ComptageIntensif,2000,19.39,15.157,HashMap,21.8
S5-ComptageIntensif,5000,44.473,43.711,HashMap,1.7
S5-ComptageIntensif,10000,60.601,48.273,HashMap,20.3
