structure,scenario,taille,ajout_ms,recherche_ms,suppression_ms,inventaire_ms,comptage_ms,total_ms,memoire_ko
LinkedList,S1-Equilibre,100,1.0155,0.7528,1.1289,0.9957,3.1667,7.0596,2.39
HashMap,S1-Equilibre,100,0.2570,0.0535,0.1988,0.8135,2.7654,4.0881,4.20
LinkedList,S1-Equilibre,500,0.3604,0.2693,0.3325,0.8665,0.8636,2.6923,11.77
HashMap,S1-Equilibre,500,0.1661,0.0422,0.0794,0.6246,3.2188,4.1310,25.53
LinkedList,S1-Equilibre,1000,0.3133,0.3850,0.4226,1.3529,5.2599,7.7337,23.48
HashMap,S1-Equilibre,1000,0.1533,0.0420,0.0541,1.1035,6.0458,7.3987,52.97
LinkedList,S1-Equilibre,2000,0.4328,0.5738,0.5999,2.6121,5.8582,10.0768,46.92
HashMap,S1-Equilibre,2000,0.1833,0.0499,0.0514,2.2372,5.3852,7.9070,107.84
LinkedList,S1-Equilibre,5000,0.5397,1.2103,1.2068,6.3146,12.5421,21.8135,117.23
HashMap,S1-Equilibre,5000,0.1345,0.0133,0.0171,5.7362,10.4974,16.3986,264.47
LinkedList,S1-Equilibre,10000,0.5530,1.7926,1.6769,9.8088,20.6067,34.4381,234.42
HashMap,S1-Equilibre,10000,0.1608,0.0165,0.0176,14.0728,28.8193,43.0869,530.84
LinkedList,S2-LectureIntensive,100,0.0545,0.1560,0.0245,0.1207,0.0926,0.4483,2.39
HashMap,S2-LectureIntensive,100,0.0424,0.0211,0.0129,0.0639,0.1407,0.2809,4.20
LinkedList,S2-LectureIntensive,500,0.0558,0.5564,0.0428,0.2226,0.4949,1.3725,11.77
HashMap,S2-LectureIntensive,500,0.0396,0.0269,0.0052,0.2576,0.5564,0.8857,25.53
LinkedList,S2-LectureIntensive,1000,0.0571,0.8816,0.0674,0.4207,0.9164,2.3432,23.48
HashMap,S2-LectureIntensive,1000,0.0475,0.0279,0.0047,0.5388,2.4732,3.0920,52.97
LinkedList,S2-LectureIntensive,2000,0.0909,1.7989,0.1385,1.1831,3.0758,6.2871,46.92
HashMap,S2-LectureIntensive,2000,0.0440,0.0241,0.0031,1.2431,2.6424,3.9566,107.84
LinkedList,S2-LectureIntensive,5000,0.1381,4.1226,0.2800,3.7026,7.2034,15.4467,117.23
HashMap,S2-LectureIntensive,5000,0.0532,0.0600,0.0170,2.4191,5.2985,7.8479,264.47
LinkedList,S2-LectureIntensive,10000,0.2010,6.1296,0.4388,4.5134,11.5454,22.8282,234.42
HashMap,S2-LectureIntensive,10000,0.0392,0.0761,0.0118,3.4613,6.8796,10.4679,530.84
LinkedList,S3-EcritureIntensive,100,0.2189,0.0269,0.3322,0.0434,0.1752,0.7967,2.39
HashMap,S3-EcritureIntensive,100,0.1895,0.0066,0.1945,0.0540,0.2122,0.6569,4.20
LinkedList,S3-EcritureIntensive,500,0.3273,0.0457,0.4545,0.0808,0.2762,1.1845,11.77
HashMap,S3-EcritureIntensive,500,0.1757,0.0066,0.1000,0.1024,0.3585,0.7431,25.53
LinkedList,S3-EcritureIntensive,1000,0.3319,0.0642,0.5922,0.1444,0.5486,1.6814,23.48
HashMap,S3-EcritureIntensive,1000,0.2245,0.0071,0.0732,0.2242,0.7647,1.2938,52.97
LinkedList,S3-EcritureIntensive,2000,0.4785,0.1001,0.8359,0.3835,1.5031,3.3010,46.92
HashMap,S3-EcritureIntensive,2000,0.2034,0.0025,0.0311,0.3976,2.4351,3.0697,107.84
LinkedList,S3-EcritureIntensive,5000,0.8010,0.1965,1.4392,1.0369,5.7253,9.1989,117.23
HashMap,S3-EcritureIntensive,5000,0.1470,0.0024,0.0203,0.8207,3.7360,4.7263,264.47
LinkedList,S3-EcritureIntensive,10000,0.9874,0.3354,2.5039,2.4346,9.0089,15.2702,234.42
HashMap,S3-EcritureIntensive,10000,0.1473,0.0027,0.0221,1.4932,6.9274,8.5928,530.84
LinkedList,S4-InventaireIntensif,100,0.0446,0.0179,0.0135,0.2249,0.0359,0.3368,2.39
HashMap,S4-InventaireIntensif,100,0.0368,0.0018,0.0051,0.2927,0.0436,0.3801,4.20
LinkedList,S4-InventaireIntensif,500,0.0594,0.0402,0.0220,2.6642,0.1275,2.9132,11.77
HashMap,S4-InventaireIntensif,500,0.0402,0.0021,0.0028,1.3243,0.1412,1.5107,25.53
LinkedList,S4-InventaireIntensif,1000,0.0701,0.0694,0.0387,2.4198,0.4916,3.0897,23.48
HashMap,S4-InventaireIntensif,1000,0.0372,0.0023,0.0019,2.3072,0.3655,2.7141,52.97
LinkedList,S4-InventaireIntensif,2000,0.1008,0.1332,0.0695,6.1373,0.7999,7.2407,46.92
HashMap,S4-InventaireIntensif,2000,0.0478,0.0028,0.0018,4.6176,0.9163,5.5862,107.84
LinkedList,S4-InventaireIntensif,5000,0.3250,0.5690,0.2770,21.6893,3.0995,25.9599,117.23
HashMap,S4-InventaireIntensif,5000,0.0734,0.0077,0.0036,17.3562,2.4069,19.8478,264.47
LinkedList,S4-InventaireIntensif,10000,0.4244,1.1111,0.5079,37.7949,4.8317,44.6700,234.42
HashMap,S4-InventaireIntensif,10000,0.0740,0.0151,0.0064,27.0456,5.1047,32.2458,530.84
LinkedList,S5-ComptageIntensif,100,0.0805,0.0417,0.0346,0.0358,1.1190,1.3116,2.39
HashMap,S5-ComptageIntensif,100,0.0864,0.0097,0.0162,0.0500,1.3688,1.5311,4.20
LinkedList,S5-ComptageIntensif,500,0.1092,0.0837,0.0481,0.1132,3.3830,3.7372,11.77
HashMap,S5-ComptageIntensif,500,0.0984,0.0158,0.0215,0.1653,4.4885,4.7895,25.53
LinkedList,S5-ComptageIntensif,1000,0.1169,0.1289,0.0727,0.2217,8.0571,8.5972,23.48
HashMap,S5-ComptageIntensif,1000,0.0812,0.0053,0.0044,0.3232,8.0264,8.4404,52.97
LinkedList,S5-ComptageIntensif,2000,0.1776,0.2540,0.1397,0.6360,18.1823,19.3897,46.92
HashMap,S5-ComptageIntensif,2000,0.0732,0.0068,0.0040,0.5069,14.5666,15.1574,107.84
LinkedList,S5-ComptageIntensif,5000,0.2640,0.5591,0.2633,1.3389,42.0478,44.4730,117.23
HashMap,S5-ComptageIntensif,5000,0.0832,0.0093,0.0030,1.3219,42.2933,43.7106,264.47
LinkedList,S5-ComptageIntensif,10000,0.4126,0.7973,0.3486,1.9492,57.0934,60.6011,234.42
HashMap,S5-ComptageIntensif,10000,0.0496,0.0026,0.0017,1.5697,46.6495,48.2731,530.84
